{"cameraMode":{"drawMode":0,"name":"Shaded","section":"Shading Mode"},"sceneLighting":true,"audioPlay":false,"sceneViewState":{"showFog":true,"showMaterialUpdate":false,"showSkybox":true,"showFlares":true,"showImageEffects":true,"showParticleSystems":true},"in2DMode":false,"pivot":{"x":0.00017988868057727814,"y":0.010412735864520073,"z":0.0012829788029193879},"rotation":{"x":0.2218705266714096,"y":0.37042075395584109,"z":-0.0915900245308876,"w":0.8973164558410645},"size":0.337938129901886,"orthographic":false}